http://marvel.com/characters/74/3-d_man,3-D Man
http://marvel.com/characters/76/a-bomb,A-Bomb
http://marvel.com/characters/77/a.i.m.,A.I.M.
http://marvel.com/characters/2809/aaron_stack,Aaron Stack
http://marvel.com/characters/81/abomination,Abomination
http://marvel.com/characters/84/absorbing_man,Absorbing
http://marvel.com/characters/85/abyss,Abyss
http://marvel.com/characters/2902/adam_destine,Adam
http://marvel.com/characters/2854/adam_warlock,Adam
http://marvel.com/characters/95/aegis,Aegis
http://marvel.com/characters/100/agent_brand,Agent
http://marvel.com/characters/101/agent_x,Agent X
http://marvel.com/characters/102/agent_zero,Agent Zero
http://marvel.com/characters/103/agents_of_atlas,Agents
http://marvel.com/characters/105/aginar,Aginar
http://marvel.com/characters/109/air-walker,Air-Walker
http://marvel.com/characters/111/ajak,Ajak
http://marvel.com/characters/113/ajaxis,Ajaxis
http://marvel.com/characters/114/akemi,Akemi
http://marvel.com/characters/116/alain,Alain
http://marvel.com/characters/2692/albert_cleary,Albert
http://marvel.com/characters/118/albion,Albion
http://marvel.com/characters/1387/alex_power,Alex
http://marvel.com/characters/2820/alex_wilder,Alex
http://marvel.com/characters/2892/alexa_mendez,Alexa
http://marvel.com/characters/2738/alexander_pierce,Alexander
http://marvel.com/characters/122/alice,Alice
http://marvel.com/characters/2732/alicia_masters,Alicia
http://marvel.com/characters/126/alpha_flight,Alpha
http://marvel.com/characters/2880/alvin_maker,Alvin
http://marvel.com/characters/2804/amadeus_cho,Amadeus
http://marvel.com/characters/2755/amanda_sefton,Amanda
http://marvel.com/characters/130/amazoness,Amazoness
http://marvel.com/characters/132/american_eagle,American
http://marvel.com/characters/134/amiko,Amiko
http://marvel.com/characters/136/amora,Amora
http://marvel.com/characters/137/amphibian,Amphibian
http://marvel.com/characters/140/amun,Amun
http://marvel.com/characters/145/ancient_one,Ancient
http://marvel.com/characters/1/angel,Angel
http://marvel.com/characters/3455/angela,Angela
http://marvel.com/characters/3428/anita_blake,Anita
http://marvel.com/characters/2714/anne_marie_hoag,Anne
http://marvel.com/characters/154/annihilus,Annihilus
http://marvel.com/characters/155/anole,Anole
http://marvel.com/characters/2/ant-man,Ant-Man
http://marvel.com/characters/158/anthem,Anthem
http://marvel.com/characters/166/apocalypse,Apocalypse
http://marvel.com/characters/169/aqueduct,Aqueduct
http://marvel.com/characters/173/arachne,Arachne
http://marvel.com/characters/176/ara,Ara–a
http://marvel.com/characters/178/arcade,Arcade
http://marvel.com/characters/179/arcana,Arcana
http://marvel.com/characters/182/arclight,Arclight
http://marvel.com/characters/183/ares,Ares
http://marvel.com/characters/184/argent,Argent
http://marvel.com/characters/189/armadillo,Armadillo
http://marvel.com/characters/191/armor,Armor
http://marvel.com/characters/193/armory,Armory
http://marvel.com/characters/2790/arnim_zola,Arnim
http://marvel.com/characters/197/arsenic,Arsenic
http://marvel.com/characters/198/artiee,Artiee
http://marvel.com/characters/201/asgardian,Asgardian
http://marvel.com/characters/204/askew-tronics,Askew-Tronics
http://marvel.com/characters/211/asylum,Asylum
http://marvel.com/characters/214/atlas,Atlas
http://marvel.com/characters/221/aurora,Aurora
http://marvel.com/characters/222/avalanche,Avalanche
http://marvel.com/characters/68/avengers,Avengers
http://marvel.com/characters/227/azazel,Azazel
http://marvel.com/characters/232/banshee,Banshee
http://marvel.com/characters/3240/baron_strucker,Baron
http://marvel.com/characters/238/baron_zemo,Baron Zemo
http://marvel.com/characters/2876/baroness_s'bak,Baroness
http://marvel.com/characters/241/barracuda,Barracuda
http://marvel.com/characters/2752/bart_rozum,Bart
http://marvel.com/characters/244/bastion,Bastion
http://marvel.com/characters/246/batroc_the_leaper,Batroc
http://marvel.com/characters/2685/battering_ram,Battering
http://marvel.com/characters/249/beak,Beak
http://marvel.com/characters/3/beast,Beast
http://marvel.com/characters/251/becatron,Becatron
http://marvel.com/characters/252/bedlam,Bedlam
http://marvel.com/characters/253/beef,Beef
http://marvel.com/characters/254/beetle,Beetle
http://marvel.com/characters/2763/ben_grimm,Ben Grimm
http://marvel.com/characters/2737/ben_parker,Ben
http://marvel.com/characters/2919/ben_reilly,Ben
http://marvel.com/characters/2826/ben_urich,Ben Urich
http://marvel.com/characters/257/bengal,Bengal
http://marvel.com/characters/2686/beta-ray_bill,Beta-Ray
http://marvel.com/characters/2793/betty_brant,Betty
http://marvel.com/characters/2751/betty_ross,Betty
http://marvel.com/characters/260/beyonder,Beyonder
http://marvel.com/characters/261/bi-beast,Bi-Beast
http://marvel.com/characters/2840/big_bertha,Big
http://marvel.com/characters/3212/big_wheel,Big Wheel
http://marvel.com/characters/2900/bill_hollister,Bill
http://marvel.com/characters/264/bishop,Bishop
http://marvel.com/characters/269/black_bird,Black Bird
http://marvel.com/characters/4/black_bolt,Black Bolt
http://marvel.com/characters/271/black_cat,Black Cat
http://marvel.com/characters/273/black_crow,Black Crow
http://marvel.com/characters/275/black_knight,Black
http://marvel.com/characters/5/black_panther,Black
http://marvel.com/characters/278/black_queen,Black
http://marvel.com/characters/284/black_tarantula,Black
http://marvel.com/characters/286/black_tom,Black Tom
http://marvel.com/characters/6/black_widow,Black Widow
http://marvel.com/characters/289/blackheart,Blackheart
http://marvel.com/characters/290/blacklash,Blacklash
http://marvel.com/characters/291/blackout,Blackout
http://marvel.com/characters/295/blade,Blade
http://marvel.com/characters/298/blastaar,Blastaar
http://marvel.com/characters/2837/blazing_skull,Blazing
http://marvel.com/characters/300/blindfold,Blindfold
http://marvel.com/characters/303/blink,Blink
http://marvel.com/characters/307/blizzard,Blizzard
http://marvel.com/characters/308/blob,Blob
http://marvel.com/characters/309/blockbuster,Blockbuster
http://marvel.com/characters/310/blok,Blok
http://marvel.com/characters/311/bloke,Bloke
http://marvel.com/characters/312/blonde_phantom,Blonde
http://marvel.com/characters/316/bloodaxe,Bloodaxe
http://marvel.com/characters/319/bloodscream,Bloodscream
http://marvel.com/characters/321/bloodstorm,Bloodstorm
http://marvel.com/characters/322/bloodstrike,Bloodstrike
http://marvel.com/characters/324/blue_blade,Blue Blade
http://marvel.com/characters/327/blue_marvel,Blue
http://marvel.com/characters/328/blue_shield,Blue
http://marvel.com/characters/330/blur,Blur
http://marvel.com/characters/332/bob,_agent_of_hydra,Bob,
http://marvel.com/characters/2800/boom_boom,Boom Boom
http://marvel.com/characters/339/boomerang,Boomerang
http://marvel.com/characters/346/box,Box
http://marvel.com/characters/348/bride_of_nine_spiders,Bride
http://marvel.com/characters/352/bromley,Bromley
http://marvel.com/characters/353/brood,Brood
http://marvel.com/characters/3430/brother_voodoo,Brother
http://marvel.com/characters/354/brotherhood_of_evil_mutants,Brotherhood of Evil Mutants
http://marvel.com/characters/355/brotherhood_of_mutants,Brotherhood of Mutants
http://marvel.com/characters/2718/bruce_banner,Bruce
http://marvel.com/characters/360/brute,Brute
http://marvel.com/characters/363/bucky,Bucky
http://marvel.com/characters/364/bug,Bug
http://marvel.com/characters/365/bulldozer,Bulldozer
http://marvel.com/characters/366/bullseye,Bullseye
http://marvel.com/characters/369/bushwacker,Bushwacker
http://marvel.com/characters/370/butterfly,Butterfly
http://marvel.com/characters/7/cable,Cable
http://marvel.com/characters/374/calamity,Calamity
http://marvel.com/characters/375/caliban,Caliban
http://marvel.com/characters/376/callisto,Callisto
http://marvel.com/characters/377/calypso,Calypso
http://marvel.com/characters/378/cammi,Cammi
http://marvel.com/characters/379/cannonball,Cannonball
http://marvel.com/characters/2905/cap'n_oz,Cap'n Oz
http://marvel.com/characters/8/captain_america,Captain
http://marvel.com/characters/382/captain_britain,Captain
http://marvel.com/characters/383/captain_cross,Captain
http://marvel.com/characters/384/captain_flint,Captain
http://marvel.com/characters/9/captain_marvel,Captain
http://marvel.com/characters/386/captain_midlands,Captain
http://marvel.com/characters/390/captain_stacy,Captain
http://marvel.com/characters/392/captain_universe,Captain
http://marvel.com/characters/393/cardiac,Cardiac
http://marvel.com/characters/394/caretaker,Caretaker
http://marvel.com/characters/395/cargill,Cargill
http://marvel.com/characters/3431/carlie_cooper,Carlie
http://marvel.com/characters/2780/carmella_unuscione,Carmella
http://marvel.com/characters/397/carnage,Carnage
http://marvel.com/characters/2701/carol_danvers,Carol
http://marvel.com/characters/2713/carol_hines,Carol
http://marvel.com/characters/2735/cassandra_nova,Cassandra
http://marvel.com/characters/403/catseye,Catseye
http://marvel.com/characters/2746/cecilia_reyes,Cecilia
http://marvel.com/characters/405/celestials,Celestials
http://marvel.com/characters/407/centennial,Centennial
http://marvel.com/characters/408/centurions,Centurions
http://marvel.com/characters/412/cerebro,Cerebro
http://marvel.com/characters/413/cerise,Cerise
http://marvel.com/characters/416/ch'od,Ch'od
http://marvel.com/characters/417/chamber,Chamber
http://marvel.com/characters/418/chameleon,Chameleon
http://marvel.com/characters/420/champions,Champions
http://marvel.com/characters/421/changeling,Changeling
http://marvel.com/characters/2788/charles_xavier,Charles
http://marvel.com/characters/2915/charlie_campion,Charlie
http://marvel.com/characters/2819/chase_stein,Chase
http://marvel.com/characters/426/chat,Chat
http://marvel.com/characters/428/chimera,Chimera
http://marvel.com/characters/2888/christian_walker,Christian
http://marvel.com/characters/432/chronomancer,Chronomancer
http://marvel.com/characters/436/clandestine,ClanDestine
http://marvel.com/characters/438/clea,Clea
http://marvel.com/characters/2833/clint_barton,Clint
http://marvel.com/characters/440/cloak,Cloak
http://marvel.com/characters/441/cloud_9,Cloud 9
http://marvel.com/characters/444/cobalt_man,Cobalt Man
http://marvel.com/characters/2805/colleen_wing,Colleen
http://marvel.com/characters/2832/colonel_america,Colonel
http://marvel.com/characters/450/colossus,Colossus
http://marvel.com/characters/454/confederates_of_the_curious,confederates of the curious
http://marvel.com/characters/455/constrictor,Constrictor
http://marvel.com/characters/457/contessa,Contessa
http://marvel.com/characters/458/controller,Controller
http://marvel.com/characters/460/cornelius,Cornelius
http://marvel.com/characters/465/corsair,Corsair
http://marvel.com/characters/466/cosmo,Cosmo
http://marvel.com/characters/467/cottonmouth,Cottonmouth
http://marvel.com/characters/2696/count_nefaria,Count
http://marvel.com/characters/468/countess,Countess
http://marvel.com/characters/2904/crimson_crusader,Crimson
http://marvel.com/characters/2697/crimson_dynamo,Crimson
http://marvel.com/characters/2883/crimson_king,Crimson
http://marvel.com/characters/473/crossbones,Crossbones
http://marvel.com/characters/477/crule,Crule
http://marvel.com/characters/2699/crusher_hogan,Crusher
http://marvel.com/characters/481/crystal,Crystal
http://marvel.com/characters/482/cuckoo,Cuckoo
http://marvel.com/characters/2694/curt_conners,Curt
http://marvel.com/characters/483/cuthbert,Cuthbert
http://marvel.com/characters/486/cyber,Cyber
http://marvel.com/characters/10/cyclops,Cyclops
http://marvel.com/characters/491/cypher,Cypher
http://marvel.com/characters/2867/d'ken_neramani,D'Ken
http://marvel.com/characters/495/dagger,Dagger
http://marvel.com/characters/496/daily_bugle,Daily
http://marvel.com/characters/2812/daimon_hellstrom,Daimon
http://marvel.com/characters/497/daken,Daken
http://marvel.com/characters/2916/dakota_north,Dakota
http://marvel.com/characters/498/damage_control,Damage
http://marvel.com/characters/2760/dani_moonstar,Dani
http://marvel.com/characters/2716/danny_rand,Danny
http://marvel.com/characters/11/daredevil,Daredevil
http://marvel.com/characters/2908/dargo_ktor,Dargo
http://marvel.com/characters/504/dark_avengers,Dark
http://marvel.com/characters/2848/dark_beast,Dark
http://marvel.com/characters/506/dark_phoenix,Dark
http://marvel.com/characters/507/dark_x-men,Dark X-Men
http://marvel.com/characters/509/darkhawk,Darkhawk
http://marvel.com/characters/512/darkstar,Darkstar
http://marvel.com/characters/514/darwin,Darwin
http://marvel.com/characters/516/dazzler,Dazzler
http://marvel.com/characters/2797/deacon_frost,Deacon
http://marvel.com/characters/518/dead_girl,Dead Girl
http://marvel.com/characters/12/deadpool,Deadpool
http://marvel.com/characters/521/death,Death
http://marvel.com/characters/525/deathbird,Deathbird
http://marvel.com/characters/526/deathcry,Deathcry
http://marvel.com/characters/527/deathlok,Deathlok
http://marvel.com/characters/528/deathstrike,Deathstrike
http://marvel.com/characters/2784/debra_whitman,Debra
http://marvel.com/characters/533/debrii,Debrii
http://marvel.com/characters/2889/deena_pilgrim,Deena
http://marvel.com/characters/534/defenders,Defenders
http://marvel.com/characters/538/demogoblin,Demogoblin
http://marvel.com/characters/543/destiny,Destiny
http://marvel.com/characters/2703/detective_soap,Detective
http://marvel.com/characters/546/deviants,Deviants
http://marvel.com/characters/3452/devil_dinosaur,Devil
http://marvel.com/characters/549/devos,Devos
http://marvel.com/characters/2898/dexter_bennett,Dexter
http://marvel.com/characters/552/diablo,Diablo
http://marvel.com/characters/554/diamondback,Diamondback
http://marvel.com/characters/2864/dinah_soar,Dinah
http://marvel.com/characters/2856/dirk_anger,Dirk
http://marvel.com/characters/2704/doc_samson,Doc
http://marvel.com/characters/564/doctor_faustus,Doctor
http://marvel.com/characters/565/doctor_octopus,Doctor
http://marvel.com/characters/566/doctor_spectrum,Doctor
http://marvel.com/characters/568/dog_brother_#1,Dog
http://marvel.com/characters/569/domino,Domino
http://marvel.com/characters/2794/donald_blake,Donald
http://marvel.com/characters/570/doomsday_man,Doomsday
http://marvel.com/characters/571/doop,Doop
http://marvel.com/characters/572/doorman,Doorman
http://marvel.com/characters/2891/dorian_gray,Dorian
http://marvel.com/characters/575/dormammu,Dormammu
http://marvel.com/characters/13/dr._doom,Dr. Doom
http://marvel.com/characters/14/dr._strange,Dr.
http://marvel.com/characters/576/dracula,Dracula
http://marvel.com/characters/2895/dragon_lord,Dragon
http://marvel.com/characters/577/dragon_man,Dragon Man
http://marvel.com/characters/15/drax,Drax
http://marvel.com/characters/583/dreadnoughts,Dreadnoughts
http://marvel.com/characters/3450/dreaming_celestial,Dreaming
http://marvel.com/characters/586/druig,Druig
http://marvel.com/characters/3424/dum_dum_dugan,Dum
http://marvel.com/characters/588/dust,Dust
http://marvel.com/characters/592/earthquake,Earthquake
http://marvel.com/characters/594/echo,Echo
http://marvel.com/characters/2829/eddie_brock,Eddie
http://marvel.com/characters/2724/eddie_lau,Eddie Lau
http://marvel.com/characters/2857/edward_,Edward
http://marvel.com/characters/3427/edwin_jarvis,Edwin
http://marvel.com/characters/598/ego,Ego
http://marvel.com/characters/604/electro,Electro
http://marvel.com/characters/16/elektra,Elektra
http://marvel.com/characters/2799/elements_of_doom,Elements
http://marvel.com/characters/607/elite,Elite
http://marvel.com/characters/608/elixir,Elixir
http://marvel.com/characters/2874/elloe_kaifi,Elloe
http://marvel.com/characters/2810/elsa_bloodstone,Elsa
http://marvel.com/characters/17/emma_frost,Emma Frost
http://marvel.com/characters/614/empath,Empath
http://marvel.com/characters/615/emplate,Emplate
http://marvel.com/characters/616/enchantress,Enchantress
http://marvel.com/characters/2937/ender_wiggin,Ender
http://marvel.com/characters/620/energizer,Energizer
http://marvel.com/characters/630/epoch,Epoch
http://marvel.com/characters/634/erik_the_red,Erik the
http://marvel.com/characters/636/eternals,Eternals
http://marvel.com/characters/637/eternity,Eternity
http://marvel.com/characters/642/excalibur,Excalibur
http://marvel.com/characters/647/exiles,Exiles
http://marvel.com/characters/648/exodus,Exodus
http://marvel.com/characters/650/expediter,Expediter
http://marvel.com/characters/654/ezekiel,Ezekiel
http://marvel.com/characters/2911/ezekiel_stane,Ezekiel
http://marvel.com/characters/2695/fabian_cortez,Fabian
http://marvel.com/characters/18/falcon,Falcon
http://marvel.com/characters/661/fallen_one,Fallen One
http://marvel.com/characters/662/famine,Famine
http://marvel.com/characters/69/fantastic_four,Fantastic
http://marvel.com/characters/669/fantomex,Fantomex
http://marvel.com/characters/2860/fat_cobra,Fat Cobra
http://marvel.com/characters/2711/felicia_hardy,Felicia
http://marvel.com/characters/680/fenris,Fenris
http://marvel.com/characters/683/feral,Feral
http://marvel.com/characters/3426/fin_fang_foom,Fin
http://marvel.com/characters/693/firebird,Firebird
http://marvel.com/characters/695/firebrand,Firebrand
http://marvel.com/characters/696/firedrake,Firedrake
http://marvel.com/characters/701/firelord,Firelord
http://marvel.com/characters/703/firestar,Firestar
http://marvel.com/characters/704/fixer,Fixer
http://marvel.com/characters/709/flatman,Flatman
http://marvel.com/characters/2796/flying_dutchman,Flying
http://marvel.com/characters/2743/foggy_nelson,Foggy
http://marvel.com/characters/718/force_works,Force
http://marvel.com/characters/719/forearm,Forearm
http://marvel.com/characters/720/forge,Forge
http://marvel.com/characters/721/forgotten_one,Forgotten
http://marvel.com/characters/2698/frank_castle,Frank
http://marvel.com/characters/3425/frankenstein's_monster,Frankenstein's Monster
http://marvel.com/characters/2705/franklin_richards,Franklin
http://marvel.com/characters/2853/franklin_storm,Franklin
http://marvel.com/characters/728/freak,Freak
http://marvel.com/characters/739/frightful_four,Frightful
http://marvel.com/characters/2927/frog_thor,Frog Thor
http://marvel.com/characters/740/frog-man,Frog-Man
http://marvel.com/characters/2719/gabe_jones,Gabe
http://marvel.com/characters/751/galactus,Galactus
http://marvel.com/characters/754/galia,Galia
http://marvel.com/characters/19/gambit,Gambit
http://marvel.com/characters/757/gamma_corps,Gamma
http://marvel.com/characters/20/gamora,Gamora
http://marvel.com/characters/766/gargoyle,Gargoyle
http://marvel.com/characters/767/garia,Garia
http://marvel.com/characters/2720/garrison_kane,Garrison
http://marvel.com/characters/769/gateway,Gateway
http://marvel.com/characters/772/gauntlet,Gauntlet
http://marvel.com/characters/776/geiger,Geiger
http://marvel.com/characters/2753/gene_sailors,Gene
http://marvel.com/characters/782/generation_x,Generation
http://marvel.com/characters/783/genesis,Genesis
http://marvel.com/characters/784/genis-vell,Genis-Vell
http://marvel.com/characters/3404/george_stacy,George
http://marvel.com/characters/2817/gertrude_yorkes,Gertrude
http://marvel.com/characters/794/ghost_rider,Ghost
http://marvel.com/characters/797/giant_girl,Giant Girl
http://marvel.com/characters/798/giant_man,Giant Man
http://marvel.com/characters/799/giant-dok,Giant-dok
http://marvel.com/characters/800/giant-man,Giant-Man
http://marvel.com/characters/803/gideon,Gideon
http://marvel.com/characters/3415/git_hoskins,Git
http://marvel.com/characters/808/gladiator,Gladiator
http://marvel.com/characters/2777/glenn_talbot,Glenn
http://marvel.com/characters/815/glorian,Glorian
http://marvel.com/characters/2709/goblin_queen,Goblin
http://marvel.com/characters/828/golden_guardian,Golden
http://marvel.com/characters/830/goliath,Goliath
http://marvel.com/characters/837/gorgon,Gorgon
http://marvel.com/characters/838/gorilla_man,Gorilla
http://marvel.com/characters/845/grandmaster,Grandmaster
http://marvel.com/characters/848/gravity,Gravity
http://marvel.com/characters/850/great_lakes_avengers,Great
http://marvel.com/characters/852/green_goblin,Green
http://marvel.com/characters/854/gressill,Gressill
http://marvel.com/characters/2894/grey_gargoyle,Grey
http://marvel.com/characters/857/greymalkin,Greymalkin
http://marvel.com/characters/2710/grim_reaper,Grim
http://marvel.com/characters/866/groot,Groot
http://marvel.com/characters/868/guardian,Guardian
http://marvel.com/characters/70/guardians_of_the_galaxy,Guardians
http://marvel.com/characters/871/guardsmen,Guardsmen
http://marvel.com/characters/874/gunslinger,Gunslinger
http://marvel.com/characters/2688/gw_bridge,GW Bridge
http://marvel.com/characters/2921/gwen_stacy,Gwen
http://marvel.com/characters/879/h.a.m.m.e.r.,H.A.M.M.E.R.
http://marvel.com/characters/880/h.e.r.b.i.e.,H.E.R.B.I.E.
http://marvel.com/characters/889/hairball,Hairball
http://marvel.com/characters/891/half-life,Half-Life
http://marvel.com/characters/896/hammerhead,Hammerhead
http://marvel.com/characters/21/hank_pym,Hank Pym
http://marvel.com/characters/2871/hannibal_king,Hannibal
http://marvel.com/characters/2715/happy_hogan,Happy
http://marvel.com/characters/901/hardball,Hardball
http://marvel.com/characters/2887/harley_davidson_cooper,Harley Davidson Cooper
http://marvel.com/characters/906/harpoon,Harpoon
http://marvel.com/characters/909/harrier,Harrier
http://marvel.com/characters/2736/harry_osborn,Harry
http://marvel.com/characters/913/hate-monger,Hate-Monger
http://marvel.com/characters/22/havok,Havok
http://marvel.com/characters/23/hawkeye,Hawkeye
http://marvel.com/characters/2865/hedge_knight,Hedge
http://marvel.com/characters/939/hellcat,Hellcat
http://marvel.com/characters/943/hellfire_club,Hellfire
http://marvel.com/characters/945/hellion,Hellion
http://marvel.com/characters/946/hellions,Hellions
http://marvel.com/characters/948/hemingway,Hemingway
http://marvel.com/characters/2923/henry_peter_gyrich,Henry
http://marvel.com/characters/950/hepzibah,Hepzibah
http://marvel.com/characters/952/hercules,Hercules
http://marvel.com/characters/955/heroes_for_hire,Heroes
http://marvel.com/characters/957/hex,Hex
http://marvel.com/characters/2936/high_evolutionary,High
http://marvel.com/characters/2838/hindsight_lad,Hindsight
http://marvel.com/characters/962/hiroim,Hiroim
http://marvel.com/characters/964/hitman,Hitman
http://marvel.com/characters/2926/hitomi_sakuma,Hitomi
http://marvel.com/characters/965/hobgoblin,Hobgoblin
http://marvel.com/characters/970/holocaust,Holocaust
http://marvel.com/characters/971/holy,Holy
http://marvel.com/characters/24/hope,Hope
http://marvel.com/characters/2754/howard_saint,Howard
http://marvel.com/characters/981/howard_the_duck,Howard
http://marvel.com/characters/25/hulk,Hulk
http://marvel.com/characters/985/hulk-dok,Hulk-dok
http://marvel.com/characters/988/hulkling,Hulkling
http://marvel.com/characters/989/human_cannonball,Human
http://marvel.com/characters/990/human_fly,Human Fly
http://marvel.com/characters/991/human_robot,Human
http://marvel.com/characters/26/human_torch,Human
http://marvel.com/characters/993/humbug,Humbug
http://marvel.com/characters/999/husk,Husk
http://marvel.com/characters/1000/hussar,Hussar
http://marvel.com/characters/1003/hydra,Hydra
http://marvel.com/characters/1004/hydro-man,Hydro-Man
http://marvel.com/characters/1007/hyperion,Hyperion
http://marvel.com/characters/1010/hypno-hustler,Hypno-Hustler
http://marvel.com/characters/27/iceman,Iceman
http://marvel.com/characters/1020/ikaris,Ikaris
http://marvel.com/characters/1022/illuminati,Illuminati
http://marvel.com/characters/2744/ilyana_rasputin,Ilyana
http://marvel.com/characters/1025/imp,Imp
http://marvel.com/characters/1027/imperfects,Imperfects
http://marvel.com/characters/1028/imperial_guard,Imperial
http://marvel.com/characters/1029/impossible_man,Impossible
http://marvel.com/characters/1031/in-betweener,In-Betweener
http://marvel.com/characters/1034/inertia,Inertia
http://marvel.com/characters/2878/infant_terrible,Infant
http://marvel.com/characters/1040/inhumans,Inhumans
http://marvel.com/characters/1041/ink,Ink
http://marvel.com/characters/1045/invaders,Invaders
http://marvel.com/characters/1047/invisible_woman,Invisible
http://marvel.com/characters/1050/iron_cross_army,Iron
http://marvel.com/characters/28/iron_fist,Iron Fist
http://marvel.com/characters/1051/iron_lad,Iron Lad
http://marvel.com/characters/29/iron_man,Iron Man
http://marvel.com/characters/1055/iron_monger,Iron
http://marvel.com/characters/30/iron_patriot,Iron
http://marvel.com/characters/1056/ironclad,Ironclad
http://marvel.com/characters/2689/j._jonah_jameson,J.
http://marvel.com/characters/2814/jack_flag,Jack Flag
http://marvel.com/characters/2828/jack_murdock,Jack
http://marvel.com/characters/2821/jack_o'_lantern,Jack
http://marvel.com/characters/1388/jack_power,Jack
http://marvel.com/characters/1074/jackal,Jackal
http://marvel.com/characters/1077/jackpot,Jackpot
http://marvel.com/characters/3010/james_buchanan_barnes,James
http://marvel.com/characters/2824/james_howlett,James
http://marvel.com/characters/2861/jamie_braddock,Jamie
http://marvel.com/characters/3422/jane_foster,Jane
http://marvel.com/characters/1081/janus,_the_nega-man,Janus,
http://marvel.com/characters/2765/jasper_sitwell,Jasper
http://marvel.com/characters/1085/jazinda,Jazinda
http://marvel.com/characters/31/jean_grey,Jean Grey
http://marvel.com/characters/2766/jennifer_smith,Jennifer
http://marvel.com/characters/2931/jeryn_hogarth,Jeryn
http://marvel.com/characters/2801/jessica_drew,Jessica
http://marvel.com/characters/2722/jessica_jones,Jessica
http://marvel.com/characters/1089/jetstream,Jetstream
http://marvel.com/characters/1091/jigsaw,Jigsaw
http://marvel.com/characters/2873/jimmy_woo,Jimmy Woo
http://marvel.com/characters/1094/joan_the_mouse,Joan
http://marvel.com/characters/1095/jocasta,Jocasta
http://marvel.com/characters/2884/john_farson,John
http://marvel.com/characters/2835/john_jameson,John
http://marvel.com/characters/2739/john_porter,John
http://marvel.com/characters/2787/john_wraith,John
http://marvel.com/characters/2687/johnny_blaze,Johnny
http://marvel.com/characters/2775/johnny_storm,Johnny
http://marvel.com/characters/1099/joseph,Joseph
http://marvel.com/characters/2849/joshua_kane,Joshua
http://marvel.com/characters/1100/josiah_x,Josiah X
http://marvel.com/characters/1102/joystick,Joystick
http://marvel.com/characters/1103/jubilee,Jubilee
http://marvel.com/characters/1105/juggernaut,Juggernaut
http://marvel.com/characters/2823/jule_carpenter,Jule
http://marvel.com/characters/1314/julia_carpenter,Julia
http://marvel.com/characters/2806/julian_keller,Julian
http://marvel.com/characters/1108/junta,Junta
http://marvel.com/characters/1109/justice,Justice
http://marvel.com/characters/2910/justin_hammer,Justin
http://marvel.com/characters/1111/ka-zar,Ka-Zar
http://marvel.com/characters/1113/kabuki,Kabuki
http://marvel.com/characters/1117/kang,Kang
http://marvel.com/characters/3416/karen_o'malley,Karen
http://marvel.com/characters/2920/karen_page,Karen
http://marvel.com/characters/1121/karma,Karma
http://marvel.com/characters/1122/karnak,Karnak
http://marvel.com/characters/2818/karolina_dean_,Karolina
http://marvel.com/characters/2827/kat_farrell,Kat
http://marvel.com/characters/2834/kate_bishop,Kate
http://marvel.com/characters/2896/katie_power,Katie
http://marvel.com/characters/2912/ken_ellis,Ken Ellis
http://marvel.com/characters/1127/khan,Khan
http://marvel.com/characters/1135/kid_colt,Kid Colt
http://marvel.com/characters/2928/killer_shrike,Killer
http://marvel.com/characters/1143/killmonger,Killmonger
http://marvel.com/characters/1146/killraven,Killraven
http://marvel.com/characters/2839/king_cobra,King
http://marvel.com/characters/1150/kingpin,Kingpin
http://marvel.com/characters/2909/kinsey_walden,Kinsey
http://marvel.com/characters/32/kitty_pryde,Kitty
http://marvel.com/characters/1156/klaw,Klaw
http://marvel.com/characters/1162/komodo,Komodo
http://marvel.com/characters/1164/korath,Korath
http://marvel.com/characters/1167/korg,Korg
http://marvel.com/characters/1168/korvac,Korvac
http://marvel.com/characters/1174/kraven_the_hunter,Kraven
http://marvel.com/characters/1176/kree,Kree
http://marvel.com/characters/3418/krista_starr,Krista
http://marvel.com/characters/1182/kronos,Kronos
http://marvel.com/characters/2862/kulan_gath,Kulan
http://marvel.com/characters/1193/kylun,Kylun
http://marvel.com/characters/2723/la_nuit,La Nuit
http://marvel.com/characters/1196/lady_bullseye,Lady
http://marvel.com/characters/1198/lady_deathstrike,Lady
http://marvel.com/characters/1200/lady_mastermind,Lady
http://marvel.com/characters/1201/lady_ursula,Lady
http://marvel.com/characters/1202/lady_vermin,Lady
http://marvel.com/characters/1205/lake,Lake
http://marvel.com/characters/1210/landau,Landau
http://marvel.com/characters/1216/lava-man,Lava-Man
http://marvel.com/characters/2872/layla_miller,Layla
http://marvel.com/characters/1220/leader,Leader
http://marvel.com/characters/1223/leech,Leech
http://marvel.com/characters/1225/legion,Legion
http://marvel.com/characters/1228/lei_kung,_the_thunderer
http://marvel.com/characters/2684/lenny_balinger,Lenny
http://marvel.com/characters/1231/leo,Leo
http://marvel.com/characters/1232/leopardon,Leopardon
http://marvel.com/characters/2924/leper_queen,Leper
http://marvel.com/characters/1233/lester,Lester
http://marvel.com/characters/1234/lethal_legion,Lethal
http://marvel.com/characters/2852/lieutenant_marcus_stone,Lieutenant Marcus Stone
http://marvel.com/characters/1241/lifeguard,Lifeguard
http://marvel.com/characters/1244/lightning_lords_of_nepal,Lightning Lords of Nepal
http://marvel.com/characters/1246/lightspeed,Lightspeed
http://marvel.com/characters/2691/lila_cheney,Lila
http://marvel.com/characters/1248/lilandra,Lilandra
http://marvel.com/characters/1250/lilith,Lilith
http://marvel.com/characters/2897/lily_hollister,Lily
http://marvel.com/characters/1252/lionheart,Lionheart
http://marvel.com/characters/2841/living_lightning,Living
http://marvel.com/characters/2863/living_mummy,Living
http://marvel.com/characters/2868/living_tribunal,Living
http://marvel.com/characters/2726/liz_osborn,Liz
http://marvel.com/characters/1260/lizard,Lizard
http://marvel.com/characters/1263/loa,Loa
http://marvel.com/characters/1266/lockheed,Lockheed
http://marvel.com/characters/1267/lockjaw,Lockjaw
http://marvel.com/characters/1272/logan,Logan
http://marvel.com/characters/33/loki,Loki
http://marvel.com/characters/1273/loners,Loners
http://marvel.com/characters/1275/longshot,Longshot
http://marvel.com/characters/2877/lord_hawal,Lord
http://marvel.com/characters/3414/lord_tyger,Lord
http://marvel.com/characters/1280/lords_of_avalon,Lords
http://marvel.com/characters/2700/lorna_dane,Lorna
http://marvel.com/characters/1284/luckman,Luckman
http://marvel.com/characters/2932/lucky_pierre,Lucky
http://marvel.com/characters/1285/lucy_in_the_sky,Lucy
http://marvel.com/characters/34/luke_cage,Luke Cage
http://marvel.com/characters/1287/luminals,Luminals
http://marvel.com/characters/1293/lyja,Lyja
http://marvel.com/characters/1297/m,M
http://marvel.com/characters/1301/m.o.d.a.m.,M.O.D.A.M.
http://marvel.com/characters/1302/m.o.d.o.g.,M.O.D.O.G.
http://marvel.com/characters/1303/m.o.d.o.k.,M.O.D.O.K.
http://marvel.com/characters/2730/ma_gnuci,Ma Gnuci
http://marvel.com/characters/2708/mac_gargan,Mac
http://marvel.com/characters/2803/mach_iv,Mach IV
http://marvel.com/characters/1306/machine_man,Machine
http://marvel.com/characters/2728/mad_thinker,Mad
http://marvel.com/characters/2729/madame_hydra,Madame
http://marvel.com/characters/2798/madame_masque,Madame
http://marvel.com/characters/1316/maddog,Maddog
http://marvel.com/characters/2741/madelyne_pryor,Madelyne
http://marvel.com/characters/1318/madripoor,Madripoor
http://marvel.com/characters/1319/madrox,Madrox
http://marvel.com/characters/1320/maelstrom,Maelstrom
http://marvel.com/characters/1321/maestro,Maestro
http://marvel.com/characters/1322/magdalene,Magdalene
http://marvel.com/characters/1323/maggott,Maggott
http://marvel.com/characters/1325/magik,Magik
http://marvel.com/characters/1326/maginty,Maginty
http://marvel.com/characters/1328/magma,Magma
http://marvel.com/characters/35/magneto,Magneto
http://marvel.com/characters/1334/magus,Magus
http://marvel.com/characters/2870/major_mapleleaf,Major
http://marvel.com/characters/1340/makkari,Makkari
http://marvel.com/characters/2693/malcolm_colcord,Malcolm
http://marvel.com/characters/1344/malice,Malice
http://marvel.com/characters/1353/man-thing,Man-Thing
http://marvel.com/characters/1354/man-wolf,Man-Wolf
http://marvel.com/characters/1356/mandarin,Mandarin
http://marvel.com/characters/1357/mandrill,Mandrill
http://marvel.com/characters/1358/mandroid,Mandroid
http://marvel.com/characters/1365/manta,Manta
http://marvel.com/characters/1366/mantis,Mantis
http://marvel.com/characters/1369/marauders,Marauders
http://marvel.com/characters/3419/marcus_van_sciver,Marcus
http://marvel.com/characters/2933/maria_hill,Maria
http://marvel.com/characters/2789/mariko_yashida,Mariko
http://marvel.com/characters/1375/marrow,Marrow
http://marvel.com/characters/2886/marten_broadcloak,Marten
http://marvel.com/characters/2901/martin_li,Martin Li
http://marvel.com/characters/1376/marvel_apes,Marvel
http://marvel.com/characters/1377/marvel_boy,Marvel
http://marvel.com/characters/1381/marvel_zombies,Marvel
http://marvel.com/characters/1383/marvex,Marvex
http://marvel.com/characters/2727/mary_jane_watson,Mary
http://marvel.com/characters/1384/masked_marvel,Masked
http://marvel.com/characters/1386/masque,Masque
http://marvel.com/characters/3101/master_chief,Master
http://marvel.com/characters/2731/master_mold,Master
http://marvel.com/characters/1395/mastermind,Mastermind
http://marvel.com/characters/1396/masters_of_evil,Masters
http://marvel.com/characters/1400/mathemanic,Mathemanic
http://marvel.com/characters/2779/matsu'o_tsurayaba,Matsu'o
http://marvel.com/characters/2734/matthew_murdock,Matthew
http://marvel.com/characters/2831/mattie_franklin,Mattie
http://marvel.com/characters/1403/mauler,Mauler
http://marvel.com/characters/1405/maverick,Maverick
http://marvel.com/characters/1407/maximus,Maximus
http://marvel.com/characters/2783/may_parker,May
http://marvel.com/characters/36/medusa,Medusa
http://marvel.com/characters/1419/meggan,Meggan
http://marvel.com/characters/1420/meltdown,Meltdown
http://marvel.com/characters/1422/menace,Menace
http://marvel.com/characters/1424/mentallo,Mentallo
http://marvel.com/characters/1425/mentor,Mentor
http://marvel.com/characters/1427/mephisto,Mephisto
http://marvel.com/characters/1428/mephistopheles,Mephistopheles
http://marvel.com/characters/1434/mercury,Mercury
http://marvel.com/characters/1439/mesmero,Mesmero
http://marvel.com/characters/2733/metal_master,Metal
http://marvel.com/characters/1444/meteorite,Meteorite
http://marvel.com/characters/1446/mi:_13,MI: 13
http://marvel.com/characters/1447/micro/macro,Micro/Macro
http://marvel.com/characters/1448/microbe,Microbe
http://marvel.com/characters/1449/microchip,Microchip
http://marvel.com/characters/1450/micromax,Micromax
http://marvel.com/characters/1451/midnight,Midnight
http://marvel.com/characters/1453/miek,Miek
http://marvel.com/characters/2745/mikhail_rasputin,Mikhail
http://marvel.com/characters/1458/millenium_guard,Millenium
http://marvel.com/characters/1459/millie_the_model,Millie
http://marvel.com/characters/1460/mimic,Mimic
http://marvel.com/characters/1465/mindworm,Mindworm
http://marvel.com/characters/1469/miracleman,Miracleman
http://marvel.com/characters/2935/miss_america,Miss
http://marvel.com/characters/1476/mister_fear,Mister
http://marvel.com/characters/1478/mister_sinister,Mister
http://marvel.com/characters/37/misty_knight,Misty
http://marvel.com/characters/1479/mockingbird,Mockingbird
http://marvel.com/characters/2850/moira_mactaggert,Moira
http://marvel.com/characters/1482/mojo,Mojo
http://marvel.com/characters/1484/mole_man,Mole Man
http://marvel.com/characters/1485/molecule_man,Molecule
http://marvel.com/characters/2807/molly_hayes,Molly
http://marvel.com/characters/2748/molly_von_richtofen,Molly
http://marvel.com/characters/1487/molten_man,Molten
http://marvel.com/characters/1489/mongoose,Mongoose
http://marvel.com/characters/1490/mongu,Mongu
http://marvel.com/characters/2795/monster_badoon,Monster
http://marvel.com/characters/2851/moon_knight,Moon
http://marvel.com/characters/1500/moondragon,Moondragon
http://marvel.com/characters/1503/moonstone,Moonstone
http://marvel.com/characters/1505/morbius,Morbius
http://marvel.com/characters/1506/mordo,Mordo
http://marvel.com/characters/1507/morg,Morg
http://marvel.com/characters/2773/morgan_stark,Morgan
http://marvel.com/characters/1508/morlocks,Morlocks
http://marvel.com/characters/1509/morlun,Morlun
http://marvel.com/characters/1511/morph,Morph
http://marvel.com/characters/1516/mother_askani,Mother
http://marvel.com/characters/1524/mr._bumpo,Mr. Bumpo
http://marvel.com/characters/38/mr._fantastic,Mr.
http://marvel.com/characters/1525/mr._fish,Mr. Fish
http://marvel.com/characters/1526/mr._fixit,Mr. Fixit
http://marvel.com/characters/1528/mr._hyde,Mr. Hyde
http://marvel.com/characters/1529/mr._immortal,Mr.
http://marvel.com/characters/1531/mr._meugniot,Mr.
http://marvel.com/characters/1532/mr._negative,Mr.
http://marvel.com/characters/1534/mr._payback,Mr.
http://marvel.com/characters/1536/mr._x,Mr. X
http://marvel.com/characters/1539/ms2,MS2
http://marvel.com/characters/1540/mulholland_black,Mulholland
http://marvel.com/characters/1541/multiple_man,Multiple
http://marvel.com/characters/1545/mvp,MVP
http://marvel.com/characters/1550/mysterio,Mysterio
http://marvel.com/characters/1552/mystique,Mystique
http://marvel.com/characters/39/namor,Namor
http://marvel.com/characters/1561/namora,Namora
http://marvel.com/characters/1562/namorita,Namorita
http://marvel.com/characters/1565/naoko,Naoko
http://marvel.com/characters/2750/natasha_romanoff,Natasha
http://marvel.com/characters/40/nebula,Nebula
http://marvel.com/characters/1574/nehzno,Nehzno
http://marvel.com/characters/1576/nekra,Nekra
http://marvel.com/characters/1577/nemesis,Nemesis
http://marvel.com/characters/1582/network,Network
http://marvel.com/characters/2836/new_goblin,New
http://marvel.com/characters/1586/new_mutants,New
http://marvel.com/characters/1587/new_warriors,New
http://marvel.com/characters/1588/new_x-men,New X-Men
http://marvel.com/characters/2903/newton_destine,Newton
http://marvel.com/characters/1589/next_avengers,Next
http://marvel.com/characters/1590/nextwave,Nextwave
http://marvel.com/characters/2782/nick_fury,Nick Fury
http://marvel.com/characters/2816/nico_minoru,Nico
http://marvel.com/characters/1595/nicolaos,Nicolaos
http://marvel.com/characters/1598/night_nurse,Night
http://marvel.com/characters/1601/night_thrasher,Night
http://marvel.com/characters/1602/nightcrawler,Nightcrawler
http://marvel.com/characters/1604/nighthawk,Nighthawk
http://marvel.com/characters/1605/nightmare,Nightmare
http://marvel.com/characters/1606/nightshade,Nightshade
http://marvel.com/characters/1613/nine-fold_daughters_of_xao,Nine-Fold Daughters of Xao
http://marvel.com/characters/1614/nitro,Nitro
http://marvel.com/characters/1615/nocturne,Nocturne
http://marvel.com/characters/1616/nomad,Nomad
http://marvel.com/characters/2712/norman_osborn_(green_goblin),Norman Osborn (Green Goblin)
http://marvel.com/characters/2791/norrin_radd,Norrin
http://marvel.com/characters/1618/northstar,Northstar
http://marvel.com/characters/41/nova,Nova
http://marvel.com/characters/1623/nuke,Nuke
http://marvel.com/characters/2772/obadiah_stane,Obadiah
http://marvel.com/characters/1644/odin,Odin
http://marvel.com/characters/1646/ogun,Ogun
http://marvel.com/characters/2844/old_lace,Old Lace
http://marvel.com/characters/1651/omega_flight,Omega
http://marvel.com/characters/1652/omega_red,Omega Red
http://marvel.com/characters/1653/omega_sentinel,Omega
http://marvel.com/characters/1654/omega_the_unknown,Omega
http://marvel.com/characters/1657/onslaught,Onslaught
http://marvel.com/characters/1659/oracle,Oracle
http://marvel.com/characters/1663/ord,Ord
http://marvel.com/characters/1668/orphan,Orphan
http://marvel.com/characters/1669/orphan-maker,Orphan-Maker
http://marvel.com/characters/1393/otto_octavius,Otto
http://marvel.com/characters/1677/outlaw_kid,Outlaw
http://marvel.com/characters/1679/overlord,Overlord
http://marvel.com/characters/1681/owl,Owl
http://marvel.com/characters/1683/ozymandias,Ozymandias
http://marvel.com/characters/1685/paibok,Paibok
http://marvel.com/characters/1687/paladin,Paladin
http://marvel.com/characters/1690/pandemic,Pandemic
http://marvel.com/characters/2913/paper_doll,Paper
http://marvel.com/characters/1700/patch,Patch
http://marvel.com/characters/1703/patriot,Patriot
http://marvel.com/characters/1707/payback,Payback
http://marvel.com/characters/1714/penance,Penance
http://marvel.com/characters/2761/pepper_potts,Pepper
http://marvel.com/characters/1725/pestilence,Pestilence
http://marvel.com/characters/1726/pet_avengers,Pet
http://marvel.com/characters/2825/pete_wisdom,Pete
http://marvel.com/characters/2770/peter_parker,Peter
http://marvel.com/characters/2813/peter_quill,Peter
http://marvel.com/characters/1731/phalanx,Phalanx
http://marvel.com/characters/1735/phantom_reporter,Phantom
http://marvel.com/characters/2922/phil_sheldon,Phil
http://marvel.com/characters/1744/photon,Photon
http://marvel.com/characters/1745/phyla-vell,Phyla-Vell
http://marvel.com/characters/1748/piledriver,Piledriver
http://marvel.com/characters/1750/pip,Pip
http://marvel.com/characters/1758/pixie,Pixie
http://marvel.com/characters/1764/plazm,Plazm
http://marvel.com/characters/1771/polaris,Polaris
http://marvel.com/characters/1778/post,Post
http://marvel.com/characters/1783/power_man,Power Man
http://marvel.com/characters/1784/power_pack,Power
http://marvel.com/characters/1788/praxagora,Praxagora
http://marvel.com/characters/1789/preak,Preak
http://marvel.com/characters/2740/pretty_boy,Pretty
http://marvel.com/characters/1791/pride,Pride
http://marvel.com/characters/1792/prima,Prima
http://marvel.com/characters/1798/prince_of_orphans,Prince
http://marvel.com/characters/1800/princess_powerful,Princess
http://marvel.com/characters/1803/prism,Prism
http://marvel.com/characters/1805/prodigy,Prodigy
http://marvel.com/characters/1806/proemial_gods,Proemial
http://marvel.com/characters/1807/professor,Professor
http://marvel.com/characters/1809/professor_monster,Professor
http://marvel.com/characters/1810/professor_x,Professor
http://marvel.com/characters/1816/proteus,Proteus
http://marvel.com/characters/1818/proudstar,Proudstar
http://marvel.com/characters/1819/prowler,Prowler
http://marvel.com/characters/1824/psycho-man,Psycho-Man
http://marvel.com/characters/42/psylocke,Psylocke
http://marvel.com/characters/1826/psynapse,PsyNapse
http://marvel.com/characters/1827/puck,Puck
http://marvel.com/characters/2843/puff_adder,Puff
http://marvel.com/characters/1828/pug,pug
http://marvel.com/characters/1831/puma,Puma
http://marvel.com/characters/43/punisher,Punisher
http://marvel.com/characters/2742/puppet_master,Puppet
http://marvel.com/characters/1833/purifiers,Purifiers
http://marvel.com/characters/1834/purple_man,Purple
http://marvel.com/characters/1837/pyro,Pyro
http://marvel.com/characters/1842/quasar,Quasar
http://marvel.com/characters/1843/quasimodo,Quasimodo
http://marvel.com/characters/2890/queen_noir,Queen
http://marvel.com/characters/2721/quentin_quire,Quentin
http://marvel.com/characters/44/quicksilver,Quicksilver
http://marvel.com/characters/2706/rachel_grey,Rachel
http://marvel.com/characters/1853/radioactive_man,Radioactive
http://marvel.com/characters/2906/rafael_vega,Rafael
http://marvel.com/characters/1857/rage,Rage
http://marvel.com/characters/1859/raider,Raider
http://marvel.com/characters/1866/randall,Randall
http://marvel.com/characters/2914/randall_flagg,Randall
http://marvel.com/characters/1867/random,Random
http://marvel.com/characters/1876/rattler,Rattler
http://marvel.com/characters/1880/ravenous,Ravenous
http://marvel.com/characters/1881/rawhide_kid,Rawhide
http://marvel.com/characters/1882/raza,Raza
http://marvel.com/characters/1888/reaper,Reaper
http://marvel.com/characters/1889/reavers,Reavers
http://marvel.com/characters/1893/red_9,Red 9
http://marvel.com/characters/1895/red_ghost,Red Ghost
http://marvel.com/characters/45/red_hulk,Red Hulk
http://marvel.com/characters/46/red_she-hulk,Red
http://marvel.com/characters/1900/red_shift,Red Shift
http://marvel.com/characters/1901/red_skull,Red Skull
http://marvel.com/characters/1902/red_wolf,Red Wolf
http://marvel.com/characters/1906/redwing,Redwing
http://marvel.com/characters/1910/reptil,Reptil
http://marvel.com/characters/1914/retro_girl,Retro
http://marvel.com/characters/1916/revanche,Revanche
http://marvel.com/characters/1921/rhino,Rhino
http://marvel.com/characters/1922/rhodey,Rhodey
http://marvel.com/characters/3454/rhomann_dey,Rhomann
http://marvel.com/characters/2929/richard_fisk,Richard
http://marvel.com/characters/2702/rick_jones,Rick
http://marvel.com/characters/1923/ricochet,Ricochet
http://marvel.com/characters/1924/rictor,Rictor
http://marvel.com/characters/1935/riptide,Riptide
http://marvel.com/characters/1936/risque,Risque
http://marvel.com/characters/2749/robbie_robertson,Robbie
http://marvel.com/characters/2830/robert_baldwin_,Robert
http://marvel.com/characters/2690/robin_chapel,Robin
http://marvel.com/characters/47/rocket_raccoon,Rocket
http://marvel.com/characters/2822/rocket_racer,Rocket
http://marvel.com/characters/1943/rockslide,Rockslide
http://marvel.com/characters/48/rogue,Rogue
http://marvel.com/characters/3086/roland_deschain,Roland
http://marvel.com/characters/1950/romulus,Romulus
http://marvel.com/characters/49/ronan,Ronan
http://marvel.com/characters/1956/roughhouse,Roughhouse
http://marvel.com/characters/1958/roulette,Roulette
http://marvel.com/characters/2764/roxanne_simpson,Roxanne
http://marvel.com/characters/2707/rumiko_fujikawa,Rumiko
http://marvel.com/characters/1961/runaways,Runaways
http://marvel.com/characters/1964/russian,Russian
http://marvel.com/characters/1969/s.h.i.e.l.d.,S.H.I.E.L.D.
http://marvel.com/characters/1972/sabra,Sabra
http://marvel.com/characters/1975/sabretooth,Sabretooth
http://marvel.com/characters/1977/sage,Sage
http://marvel.com/characters/1980/salem's_seven,Salem's
http://marvel.com/characters/2875/sally_floyd,Sally
http://marvel.com/characters/1981/salo,Salo
http://marvel.com/characters/1989/sandman,Sandman
http://marvel.com/characters/2811/santa_claus,Santa
http://marvel.com/characters/1994/saracen,Saracen
http://marvel.com/characters/1995/sasquatch,Sasquatch
http://marvel.com/characters/1997/satana,Satana
http://marvel.com/characters/2002/sauron,Sauron
http://marvel.com/characters/2007/scalphunter,Scalphunter
http://marvel.com/characters/2010/scarecrow,Scarecrow
http://marvel.com/characters/2014/scarlet_spider,Scarlet
http://marvel.com/characters/50/scarlet_witch,Scarlet
http://marvel.com/characters/2028/scorpion,Scorpion
http://marvel.com/characters/2029/scourge,Scourge
http://marvel.com/characters/2032/scrambler,Scrambler
http://marvel.com/characters/2033/scream,Scream
http://marvel.com/characters/2034/screwball,Screwball
http://marvel.com/characters/2774/sebastian_shaw,Sebastian
http://marvel.com/characters/2039/secret_warriors,Secret
http://marvel.com/characters/2044/selene,Selene
http://marvel.com/characters/2756/senator_kelly,Senator
http://marvel.com/characters/2045/sentinel,Sentinel
http://marvel.com/characters/2047/sentinels,Sentinels
http://marvel.com/characters/2048/sentry,Sentry
http://marvel.com/characters/2881/ser_duncan,Ser
http://marvel.com/characters/2050/serpent_society,Serpent
http://marvel.com/characters/2053/sersi,Sersi
http://marvel.com/characters/2057/shadow_king,Shadow
http://marvel.com/characters/2059/shadowcat,Shadowcat
http://marvel.com/characters/2061/shadu_the_shady,Shadu
http://marvel.com/characters/2062/shalla-bal,Shalla-bal
http://marvel.com/characters/2064/shaman,Shaman
http://marvel.com/characters/3413/shane_yamada-jones,Shane
http://marvel.com/characters/2066/shang-chi,Shang-Chi
http://marvel.com/characters/2067/shanna_the_she-devil,Shanna
http://marvel.com/characters/2068/shape,Shape
http://marvel.com/characters/2069/shard,Shard
http://marvel.com/characters/2786/sharon_carter,Sharon
http://marvel.com/characters/2845/sharon_ventura,Sharon
http://marvel.com/characters/2074/shatterstar,Shatterstar
http://marvel.com/characters/51/she-hulk,She-Hulk
http://marvel.com/characters/2076/shen,Shen
http://marvel.com/characters/2882/sheva_callister,Sheva
http://marvel.com/characters/2077/shi'ar,Shi'Ar
http://marvel.com/characters/2925/shinko_yamashiro,Shinko
http://marvel.com/characters/2758/shinobi_shaw,Shinobi
http://marvel.com/characters/2079/shiva,Shiva
http://marvel.com/characters/2080/shiver_man,Shiver
http://marvel.com/characters/2081/shocker,Shocker
http://marvel.com/characters/2082/shockwave,Shockwave
http://marvel.com/characters/2083/shooting_star,Shooting
http://marvel.com/characters/2084/shotgun,Shotgun
http://marvel.com/characters/2086/shriek,Shriek
http://marvel.com/characters/52/sif,Sif
http://marvel.com/characters/2096/silhouette,Silhouette
http://marvel.com/characters/2842/silk_fever,Silk
http://marvel.com/characters/2097/silver_centurion,Silver
http://marvel.com/characters/2099/silver_fox,Silver
http://marvel.com/characters/2100/silver_sable,Silver
http://marvel.com/characters/2101/silver_samurai,Silver
http://marvel.com/characters/53/silver_surfer,Silver
http://marvel.com/characters/2103/silverclaw,Silverclaw
http://marvel.com/characters/2104/silvermane,Silvermane
http://marvel.com/characters/2105/sin,Sin
http://marvel.com/characters/2110/sinister_six,Sinister
http://marvel.com/characters/3412/sir_ram,Sir Ram
http://marvel.com/characters/2114/siren,Siren
http://marvel.com/characters/2117/sister_grimm,Sister
http://marvel.com/characters/2121/skaar,Skaar
http://marvel.com/characters/2124/skin,Skin
http://marvel.com/characters/2130/skreet,Skreet
http://marvel.com/characters/2131/skrulls,Skrulls
http://marvel.com/characters/2133/skullbuster,Skullbuster
http://marvel.com/characters/2137/slapstick,Slapstick
http://marvel.com/characters/2139/slayback,Slayback
http://marvel.com/characters/2140/sleeper,Sleeper
http://marvel.com/characters/2141/sleepwalker,Sleepwalker
http://marvel.com/characters/2143/slipstream,Slipstream
http://marvel.com/characters/2147/slyde,Slyde
http://marvel.com/characters/2148/smasher,Smasher
http://marvel.com/characters/2149/smiling_tiger,Smiling
http://marvel.com/characters/2151/snowbird,Snowbird
http://marvel.com/characters/2155/solo,Solo
http://marvel.com/characters/2156/songbird,Songbird
http://marvel.com/characters/2157/sons_of_the_tiger,Sons
http://marvel.com/characters/2768/spacker_dave,Spacker
http://marvel.com/characters/2163/spectrum,Spectrum
http://marvel.com/characters/2164/speed,Speed
http://marvel.com/characters/3417/speed_demon,Speed
http://marvel.com/characters/2165/speedball,Speedball
http://marvel.com/characters/2767/spencer_smythe,Spencer
http://marvel.com/characters/2167/sphinx,Sphinx
http://marvel.com/characters/2170/spider-dok,Spider-dok
http://marvel.com/characters/2171/spider-girl,Spider-Girl
http://marvel.com/characters/3456/spider-gwen,Spider-Gwen
http://marvel.com/characters/2172/spider-ham,Spider-Ham
http://marvel.com/characters/54/spider-man,Spider-Man
http://marvel.com/characters/55/spider-woman,Spider-Woman
http://marvel.com/characters/2176/spiral,Spiral
http://marvel.com/characters/2177/spirit,Spirit
http://marvel.com/characters/2181/spitfire,Spitfire
http://marvel.com/characters/2182/spot,Spot
http://marvel.com/characters/2183/sprite,Sprite
http://marvel.com/characters/2185/spyke,Spyke
http://marvel.com/characters/2187/squadron_sinister,Squadron
http://marvel.com/characters/2188/squadron_supreme,Squadron
http://marvel.com/characters/2191/squirrel_girl,Squirrel
http://marvel.com/characters/2193/stacy_x,Stacy X
http://marvel.com/characters/2195/star_brand,Star
http://marvel.com/characters/56/star-lord,Star-Lord
http://marvel.com/characters/2201/starbolt,Starbolt
http://marvel.com/characters/2202/stardust,Stardust
http://marvel.com/characters/2203/starfox,Starfox
http://marvel.com/characters/2204/starhawk,Starhawk
http://marvel.com/characters/2205/starjammers,Starjammers
http://marvel.com/characters/2206/stark_industries,Stark
http://marvel.com/characters/2209/stature,Stature
http://marvel.com/characters/2211/steel_serpent,Steel
http://marvel.com/characters/2217/stellaris,Stellaris
http://marvel.com/characters/2219/stepford_cuckoos,Stepford
http://marvel.com/characters/2771/stephanie_de_la_spiroza,Stephanie De La Spiroza
http://marvel.com/characters/2847/stephen_strange,Stephen
http://marvel.com/characters/2759/steve_rogers,Steve
http://marvel.com/characters/2220/stick,Stick
http://marvel.com/characters/2222/stilt-man,Stilt-Man
http://marvel.com/characters/2225/stingray,Stingray
http://marvel.com/characters/2228/stone_men,Stone Men
http://marvel.com/characters/57/storm,Storm
http://marvel.com/characters/2230/stranger,Stranger
http://marvel.com/characters/3411/strong_guy,Strong
http://marvel.com/characters/2237/stryfe,Stryfe
http://marvel.com/characters/3402/sue_storm,Sue Storm
http://marvel.com/characters/2243/sugar_man,Sugar Man
http://marvel.com/characters/2247/sumo,Sumo
http://marvel.com/characters/2250/sunfire,Sunfire
http://marvel.com/characters/1312/sunset_bain,Sunset
http://marvel.com/characters/2252/sunspot,Sunspot
http://marvel.com/characters/2255/super_hero_squad,Super
http://marvel.com/characters/2256/super-adaptoid,Super-Adaptoid
http://marvel.com/characters/2260/super-skrull,Super-Skrull
http://marvel.com/characters/2264/supernaut,Supernaut
http://marvel.com/characters/2265/supreme_intelligence,Supreme
http://marvel.com/characters/2267/surge,Surge
http://marvel.com/characters/2885/susan_delgado,Susan
http://marvel.com/characters/2272/swarm,Swarm
http://marvel.com/characters/2273/sway,Sway
http://marvel.com/characters/2274/switch,Switch
http://marvel.com/characters/2276/swordsman,Swordsman
http://marvel.com/characters/2277/sym,Sym
http://marvel.com/characters/2278/synch,Synch
http://marvel.com/characters/2281/t'challa,T'Challa
http://marvel.com/characters/2285/tag,Tag
http://marvel.com/characters/2287/talisman,Talisman
http://marvel.com/characters/2288/talkback,Talkback
http://marvel.com/characters/2289/talon,Talon
http://marvel.com/characters/2290/talos,Talos
http://marvel.com/characters/2879/tana_nile,Tana Nile
http://marvel.com/characters/2293/tarantula,Tarantula
http://marvel.com/characters/2296/tarot,Tarot
http://marvel.com/characters/2297/taskmaster,Taskmaster
http://marvel.com/characters/2299/tattoo,Tattoo
http://marvel.com/characters/2858/ted_forrester,Ted
http://marvel.com/characters/2305/tempest,Tempest
http://marvel.com/characters/2309/tenebrous,Tenebrous
http://marvel.com/characters/2311/terrax,Terrax
http://marvel.com/characters/2313/terror,Terror
http://marvel.com/characters/2316/texas_twister,Texas
http://marvel.com/characters/2859/thaddeus_ross,Thaddeus
http://marvel.com/characters/58/thanos,Thanos
http://marvel.com/characters/2321/the_198,The 198
http://marvel.com/characters/2322/the_anarchist,The
http://marvel.com/characters/2323/the_call,The Call
http://marvel.com/characters/2324/the_captain,The
http://marvel.com/characters/449/the_collector,The
http://marvel.com/characters/2326/the_enforcers,The
http://marvel.com/characters/2327/the_executioner,The
http://marvel.com/characters/2328/the_fallen,The
http://marvel.com/characters/2329/the_fury,The Fury
http://marvel.com/characters/2330/the_hand,The Hand
http://marvel.com/characters/2331/the_hood,The Hood
http://marvel.com/characters/2332/the_howling_commandos,The
http://marvel.com/characters/2333/the_hunter,The
http://marvel.com/characters/2334/the_initiative,The
http://marvel.com/characters/2335/the_leader,The
http://marvel.com/characters/2336/the_liberteens,The
http://marvel.com/characters/2337/the_liberty_legion,The
http://marvel.com/characters/2338/the_order,The Order
http://marvel.com/characters/2339/the_phantom,The
http://marvel.com/characters/2340/the_renegades,The
http://marvel.com/characters/2341/the_santerians,The
http://marvel.com/characters/2342/the_shiver_man,The
http://marvel.com/characters/2343/the_spike,The Spike
http://marvel.com/characters/2344/the_stranger,The
http://marvel.com/characters/2348/the_twelve,The
http://marvel.com/characters/2349/the_watchers,The
http://marvel.com/characters/2350/thena,Thena
http://marvel.com/characters/59/thing,Thing
http://marvel.com/characters/60/thor,Thor
http://marvel.com/characters/2354/thor_girl,Thor Girl
http://marvel.com/characters/2363/thunderball,Thunderball
http://marvel.com/characters/2364/thunderbird,Thunderbird
http://marvel.com/characters/2365/thunderbolt,Thunderbolt
http://marvel.com/characters/3389/thunderbolt_ross,Thunderbolt
http://marvel.com/characters/2366/thunderbolts,Thunderbolts
http://marvel.com/characters/2370/thundra,Thundra
http://marvel.com/characters/2375/tiger_shark,Tiger
http://marvel.com/characters/2376/tiger's_beautiful_daughter,Tiger's Beautiful Daughter
http://marvel.com/characters/2377/tigra,Tigra
http://marvel.com/characters/2379/timeslip,Timeslip
http://marvel.com/characters/2381/tinkerer,Tinkerer
http://marvel.com/characters/2384/titania,Titania
http://marvel.com/characters/2385/titanium_man,Titanium
http://marvel.com/characters/2387/toad,Toad
http://marvel.com/characters/2388/toad_men,Toad Men
http://marvel.com/characters/2390/tomas,Tomas
http://marvel.com/characters/2391/tombstone,Tombstone
http://marvel.com/characters/2393/tomorrow_man,Tomorrow
http://marvel.com/characters/2747/tony_stark,Tony
http://marvel.com/characters/2398/toro,Toro
http://marvel.com/characters/2400/toxin,Toxin
http://marvel.com/characters/2405/trauma,Trauma
http://marvel.com/characters/2409/triathlon,Triathlon
http://marvel.com/characters/2778/trish_tilby,Trish
http://marvel.com/characters/2413/triton,Triton
http://marvel.com/characters/2416/true_believers,True
http://marvel.com/characters/2417/turbo,Turbo
http://marvel.com/characters/2418/tusk,Tusk
http://marvel.com/characters/2419/two-gun_kid,Two-Gun
http://marvel.com/characters/2422/tyger_tiger,Tyger
http://marvel.com/characters/2893/typhoid_mary,Typhoid
http://marvel.com/characters/2426/tyrannus,Tyrannus
http://marvel.com/characters/2428/u-foes,U-Foes
http://marvel.com/characters/2429/u-go_girl,U-Go Girl
http://marvel.com/characters/2431/u.s._agent,U.S.
http://marvel.com/characters/2432/uatu_the_watcher,Uatu
http://marvel.com/characters/2434/ulik,Ulik
http://marvel.com/characters/2436/ultimates,Ultimates
http://marvel.com/characters/2439/ultimatum,Ultimatum
http://marvel.com/characters/2440/ultimo,Ultimo
http://marvel.com/characters/2442/ultra-adaptoid,Ultra-Adaptoid
http://marvel.com/characters/2446/ultragirl,Ultragirl
http://marvel.com/characters/61/ultron,Ultron
http://marvel.com/characters/2447/umar,Umar
http://marvel.com/characters/2450/unicorn,Unicorn
http://marvel.com/characters/2451/union_jack,Union
http://marvel.com/characters/2454/unus,Unus
http://marvel.com/characters/2717/valeria_richards,Valeria
http://marvel.com/characters/62/valkyrie,Valkyrie
http://marvel.com/characters/2464/vampiro,Vampiro
http://marvel.com/characters/2918/vance_astro,Vance
http://marvel.com/characters/2466/vanisher,Vanisher
http://marvel.com/characters/2469/vapor,Vapor
http://marvel.com/characters/2470/vargas,Vargas
http://marvel.com/characters/2472/vector,Vector
http://marvel.com/characters/2473/veda,Veda
http://marvel.com/characters/2476/vengeance,Vengeance
http://marvel.com/characters/63/venom,Venom
http://marvel.com/characters/2480/venus,Venus
http://marvel.com/characters/2781/venus_dee_milo,Venus
http://marvel.com/characters/2482/vermin,Vermin
http://marvel.com/characters/2483/vertigo,Vertigo
http://marvel.com/characters/2869/victor_mancha,Victor
http://marvel.com/characters/2792/victor_von_doom,Victor
http://marvel.com/characters/2899/vin_gonzales,Vin
http://marvel.com/characters/2493/vindicator,Vindicator
http://marvel.com/characters/2494/violations,Violations
http://marvel.com/characters/2495/viper,Viper
http://marvel.com/characters/2808/virginia_dare,Virginia
http://marvel.com/characters/64/vision,Vision
http://marvel.com/characters/2498/vivisector,Vivisector
http://marvel.com/characters/2509/vulcan,Vulcan
http://marvel.com/characters/2510/vulture,Vulture
http://marvel.com/characters/2513/wallflower,Wallflower
http://marvel.com/characters/2514/wallop,Wallop
http://marvel.com/characters/2515/wallow,Wallow
http://marvel.com/characters/2519/war,War
http://marvel.com/characters/2520/war_machine,War
http://marvel.com/characters/2523/warbird,Warbird
http://marvel.com/characters/2524/warbound,Warbound
http://marvel.com/characters/2526/warlock,Warlock
http://marvel.com/characters/2527/warpath,Warpath
http://marvel.com/characters/2802/warren_worthington_iii,Warren Worthington III
http://marvel.com/characters/2531/warstar,Warstar
http://marvel.com/characters/2535/wasp,Wasp
http://marvel.com/characters/2539/weapon_omega,Weapon
http://marvel.com/characters/2541/weapon_x,Weapon X
http://marvel.com/characters/2930/wendell_rand,Wendell
http://marvel.com/characters/2815/wendell_vaughn,Wendell
http://marvel.com/characters/2545/wendigo,Wendigo
http://marvel.com/characters/2547/werewolf_by_night,Werewolf
http://marvel.com/characters/2549/whiplash,Whiplash
http://marvel.com/characters/2550/whirlwind,Whirlwind
http://marvel.com/characters/2551/whistler,Whistler
http://marvel.com/characters/2556/white_queen,White
http://marvel.com/characters/2559/white_tiger,White
http://marvel.com/characters/2561/whizzer,Whizzer
http://marvel.com/characters/2563/wiccan,Wiccan
http://marvel.com/characters/2567/wild_child,Wild
http://marvel.com/characters/2568/wild_pack,Wild Pack
http://marvel.com/characters/2574/wildside,Wildside
http://marvel.com/characters/3421/william_stryker,William
http://marvel.com/characters/2769/wilson_fisk,Wilson
http://marvel.com/characters/2577/wind_dancer,Wind
http://marvel.com/characters/65/winter_soldier,Winter
http://marvel.com/characters/2586/wither,Wither
http://marvel.com/characters/2590/wolf_cub,Wolf Cub
http://marvel.com/characters/2591/wolfpack,Wolfpack
http://marvel.com/characters/2592/wolfsbane,Wolfsbane
http://marvel.com/characters/2593/wolver-dok,Wolver-dok
http://marvel.com/characters/66/wolverine,Wolverine
http://marvel.com/characters/2594/wonder_man,Wonder
http://marvel.com/characters/2595/wong,Wong
http://marvel.com/characters/2596/wraith,Wraith
http://marvel.com/characters/2597/wrecker,Wrecker
http://marvel.com/characters/2598/wrecking_crew,Wrecking
http://marvel.com/characters/67/x-23,X-23
http://marvel.com/characters/2602/x-51,X-51
http://marvel.com/characters/2603/x-babies,X-Babies
http://marvel.com/characters/2607/x-cutioner,X-Cutioner
http://marvel.com/characters/2609/x-factor,X-Factor
http://marvel.com/characters/2610/x-factor_investigations,X-Factor Investigations
http://marvel.com/characters/2611/x-force,X-Force
http://marvel.com/characters/2613/x-man,X-Man
http://marvel.com/characters/71/x-men,X-Men
http://marvel.com/characters/2614/x-ray,X-Ray
http://marvel.com/characters/2616/x-statix,X-Statix
http://marvel.com/characters/2620/x.s.e.,X.S.E.
http://marvel.com/characters/2626/xavin,Xavin
http://marvel.com/characters/2629/xorn,Xorn
http://marvel.com/characters/2635/yellow_claw,Yellow
http://marvel.com/characters/2636/yellowjacket,Yellowjacket
http://marvel.com/characters/2641/yondu,Yondu
http://marvel.com/characters/72/young_avengers,Young
http://marvel.com/characters/2645/young_x-men,Young
http://marvel.com/characters/2654/zaladane,Zaladane
http://marvel.com/characters/2656/zaran,Zaran
http://marvel.com/characters/2658/zarda,Zarda
http://marvel.com/characters/2659/zarek,Zarek
http://marvel.com/characters/2664/zeigeist,Zeigeist
http://marvel.com/characters/2665/zemo,Zemo
http://marvel.com/characters/2676/zodiak,Zodiak
http://marvel.com/characters/2678/zombie,Zombie
http://marvel.com/characters/2681/zuras,Zuras
http://marvel.com/characters/2682/zzzax,Zzzax
http://marvel.com/characters/1011396/angel_(thomas_halloway)/featured,Angel_(Thomas_Halloway)
http://marvel.com/characters/1010802/ant-man_(eric_o'grady)/featured,Ant-Man_(Eric_O'Grady)
http://marvel.com/characters/1011130/black_panther_(ultimate)/featured,Black_Panther_(Ultimate)
http://marvel.com/characters/1017317/cable_(deadpool)/featured,Cable_(Deadpool)
http://marvel.com/characters/1017575/captain_america_(sam_wilson)/featured,Captain_America_(Sam_Wilson)
http://marvel.com/characters/1009224/captain_marvel_(mar-vell)/featured,Captain_Marvel_(Marvel)
http://marvel.com/characters/1010808/hawkeye_(kate_bishop)/featured,Hawkeye_(Kate_Bishop)
http://marvel.com/characters/1010932/human_torch_(jim_hammond)/featured,Human_Torch_(Jim_Hammond)
http://marvel.com/characters/1011318/iron_fist_(bei_bang-wen)/featured,Iron_Fist_(Bei_Bang-Wen)
http://marvel.com/characters/1010888/iron_fist_(orson_randall)/featured,Iron_Fist_(Orson_Randall)
http://marvel.com/characters/1011413/iron_fist_(quan_yaozu)/featured,Iron_Fist_(Quan_Yaozu)
http://marvel.com/characters/1011412/iron_fist_(wu_ao-shi)/featured,Iron_Fist_(Wu_Ao-Shi)
http://marvel.com/characters/1017577/ms._marvel_(kamala_khan)/featured,Ms._Marvel_(Kamala_Khan)
http://marvel.com/characters/1010956/nova_(frankie_raye)/featured,Nova_(Frankie_Raye)
http://marvel.com/characters/1017319/rogue_(deadpool)/featured,Rogue_(deadpool)
http://marvel.com/characters/1011392/she-hulk_(lyra)/featured,She-Hulk_(Lyra)
http://marvel.com/characters/1011393/she-hulk_(ultimate)/featured,She-Hulk_(Ultimate)
http://marvel.com/characters/1016452/spider-man_(ai_apaec)/featured,Spider-Man_(AI_Apaec)
http://marvel.com/characters/1014858/spider-man_(ben_reilly)/featured,Spider-Man_(Ben_Reilly)
http://marvel.com/characters/1016181/spider-man_(miles_morales)/featured,Spider-Man_(Miles_Morales)
http://marvel.com/characters/1012295/spider-man_(noir)/featured,Spider-Man_(Noir)
http://marvel.com/characters/1010795/spider-woman_(charlotte_witter)/featured,Spider-Woman_(Charlotte_Witter)
http://marvel.com/characters/1010794/spider-woman_(mattie_franklin)/featured,Spider-Woman_(Mattie_Franklin)
http://marvel.com/characters/1017576/thor_(goddess_of_thunder)/featured,Thor_(Goddess_Of_Thunder)
http://marvel.com/characters/1010788/venom_(mac_gargan)/featured,Venom_(Mac_Gargan)
http://marvel.com/characters/1011128/venom_(ultimate)/featured,Venom_(Ultimate)